"CODI_EQUIPAMENT","EQUIPAMENT","SECCIO","TIPUS_VIA","NOM_CARRER","NUM_CARRER_1","NUM_CARRER_2","CODI_BARRI","NUM_BARRI","CODI_DISTRICTE","NOM_DISTRICTE","CODI_POSTAL","CODI_POBLACIO","POBLACIO","LATITUD","LONGITUD","X_ETRS89","Y_ETRS89","X_ED50","Y_ED50","TELEFON_NUM","TELEFON_TIPUS","TELEFON_INFO_COM","HORARI_PERIODE_INICI","HORARI_PERIODE_FI","HORARI_DIES","HORARI_HORES_INICI","HORARI_HORES_FI","HORARI_OBSERVACIONS","3ER_NIVELL","2N_NIVELL","1ER_NIVELL",
"92086000045","Centre de Serveis Socials de La Marina","#","Pg","Zona Franca","185","185","13","la Marina de Port","03","Sants-Montjuïc","08038","019","BARCELONA","41.360983","2.137874","427890.569","4579189.342","427982.479","4579390.249","900922357","Centraleta","(dilluns a dijous: 9 a 14 h i de 16 a 19 h i divendres de 9 a 14 h)","01/01","31/12","0000011","09:00:00","14:00:00","","Centres de serveis socials","Serveis d'atenció a la població en general","Serveis Socials",
"92086000045","Centre de Serveis Socials de La Marina","#","Pg","Zona Franca","185","185","13","la Marina de Port","03","Sants-Montjuïc","08038","019","BARCELONA","41.360983","2.137874","427890.569","4579189.342","427982.479","4579390.249","900922357","Centraleta","(dilluns a dijous: 9 a 14 h i de 16 a 19 h i divendres de 9 a 14 h)","01/01","31/12","0000011","09:00:00","14:00:00","","Centres de serveis socials","Serveis socials","Serveis socials",
"92086000045","Centre de Serveis Socials de La Marina","#","Pg","Zona Franca","185","185","13","la Marina de Port","03","Sants-Montjuïc","08038","019","BARCELONA","41.360983","2.137874","427890.569","4579189.342","427982.479","4579390.249","932563742","Fax","","01/01","31/12","0000011","09:00:00","14:00:00","","Centres de serveis socials","Serveis socials","Serveis socials",
"92086000045","Centre de Serveis Socials de La Marina","#","Pg","Zona Franca","185","185","13","la Marina de Port","03","Sants-Montjuïc","08038","019","BARCELONA","41.360983","2.137874","427890.569","4579189.342","427982.479","4579390.249","932563742","Fax","","01/01","31/12","0000011","09:00:00","14:00:00","","Centres de serveis socials","Serveis d'atenció a la població en general","Serveis Socials",
"92086000418","Centre de Serveis Socials Raval Nord","#","C","Carme","101","109","01","el Raval","01","Ciutat Vella","08001","019","BARCELONA","41.379871","2.166577","430311.5","4581262.858","430403.432","4581463.785","932564722","Fax","","01/01","31/12","0000011","09:00:00","14:00:00","","Centres de serveis socials","Serveis d'atenció a la població en general","Serveis Socials",
"92086000418","Centre de Serveis Socials Raval Nord","#","C","Carme","101","109","01","el Raval","01","Ciutat Vella","08001","019","BARCELONA","41.379871","2.166577","430311.5","4581262.858","430403.432","4581463.785","900922357","Centraleta","(dilluns a dijous: 9 a 14 h i de 16 a 19 h i divendres de 9 a 14 h)","01/01","31/12","0000011","09:00:00","14:00:00","","Centres de serveis socials","Serveis d'atenció a la població en general","Serveis Socials",
"92086000418","Centre de Serveis Socials Raval Nord","#","C","Carme","101","109","01","el Raval","01","Ciutat Vella","08001","019","BARCELONA","41.379871","2.166577","430311.5","4581262.858","430403.432","4581463.785","932564722","Fax","","01/01","31/12","0000011","09:00:00","14:00:00","","Centres de serveis socials","Serveis socials","Serveis socials",
"92086000418","Centre de Serveis Socials Raval Nord","#","C","Carme","101","109","01","el Raval","01","Ciutat Vella","08001","019","BARCELONA","41.379871","2.166577","430311.5","4581262.858","430403.432","4581463.785","900922357","Centraleta","(dilluns a dijous: 9 a 14 h i de 16 a 19 h i divendres de 9 a 14 h)","01/01","31/12","0000011","09:00:00","14:00:00","","Centres de serveis socials","Serveis socials","Serveis socials",
"92086001833","Centre de Serveis Socials Besòs","#","Rbla","Prim","87","89","70","el Besòs i el Maresme","10","Sant Martí","08019","019","BARCELONA","41.416512","2.211819","434131.514","4585295.236","434223.48","4585496.202","932564922","Fax","","01/01","31/12","0000011","09:00:00","14:00:00","","Centres de serveis socials","Serveis socials","Serveis socials",
"92086001833","Centre de Serveis Socials Besòs","#","Rbla","Prim","87","89","70","el Besòs i el Maresme","10","Sant Martí","08019","019","BARCELONA","41.416512","2.211819","434131.514","4585295.236","434223.48","4585496.202","900922357","Centraleta","(dilluns a dijous: 9 a 14 h i de 16 a 19 h i divendres de 9 a 14 h)","01/01","31/12","0000011","09:00:00","14:00:00","","Centres de serveis socials","Serveis socials","Serveis socials",
"92086001833","Centre de Serveis Socials Besòs","#","Rbla","Prim","87","89","70","el Besòs i el Maresme","10","Sant Martí","08019","019","BARCELONA","41.416512","2.211819","434131.514","4585295.236","434223.48","4585496.202","900922357","Centraleta","(dilluns a dijous: 9 a 14 h i de 16 a 19 h i divendres de 9 a 14 h)","01/01","31/12","0000011","09:00:00","14:00:00","","Centres de serveis socials","Serveis d'atenció a la població en general","Serveis Socials",
"92086001833","Centre de Serveis Socials Besòs","#","Rbla","Prim","87","89","70","el Besòs i el Maresme","10","Sant Martí","08019","019","BARCELONA","41.416512","2.211819","434131.514","4585295.236","434223.48","4585496.202","932564922","Fax","","01/01","31/12","0000011","09:00:00","14:00:00","","Centres de serveis socials","Serveis d'atenció a la població en general","Serveis Socials",
"92086002384","Centre de Serveis Socials Cotxeres de Sants","#","Pas","Fructuós Gelabert","2","2","18","Sants","03","Sants-Montjuïc","08014","019","BARCELONA","41.375227","2.136551","427795.621","4580771.795","427887.53","4580972.717","932918715","Fax","","01/01","31/12","0000011","09:00:00","14:00:00","","Centres de serveis socials","Serveis d'atenció a la població en general","Serveis Socials",
"92086002384","Centre de Serveis Socials Cotxeres de Sants","#","Pas","Fructuós Gelabert","2","2","18","Sants","03","Sants-Montjuïc","08014","019","BARCELONA","41.375227","2.136551","427795.621","4580771.795","427887.53","4580972.717","900922357","Centraleta","(dilluns a dijous: 9 a 14 h i de 16 a 19 h i divendres de 9 a 14 h)","01/01","31/12","0000011","09:00:00","14:00:00","","Centres de serveis socials","Serveis socials","Serveis socials",
"92086002384","Centre de Serveis Socials Cotxeres de Sants","#","Pas","Fructuós Gelabert","2","2","18","Sants","03","Sants-Montjuïc","08014","019","BARCELONA","41.375227","2.136551","427795.621","4580771.795","427887.53","4580972.717","932918715","Fax","","01/01","31/12","0000011","09:00:00","14:00:00","","Centres de serveis socials","Serveis socials","Serveis socials",
"92086002384","Centre de Serveis Socials Cotxeres de Sants","#","Pas","Fructuós Gelabert","2","2","18","Sants","03","Sants-Montjuïc","08014","019","BARCELONA","41.375227","2.136551","427795.621","4580771.795","427887.53","4580972.717","900922357","Centraleta","(dilluns a dijous: 9 a 14 h i de 16 a 19 h i divendres de 9 a 14 h)","01/01","31/12","0000011","09:00:00","14:00:00","","Centres de serveis socials","Serveis d'atenció a la població en general","Serveis Socials",
"92086005103","Centre de Serveis Socials Sant Martí-Verneda","#","Pl","Eduard Torroja","17","17","72","Sant Martí de Provençals","10","Sant Martí","08020","019","BARCELONA","41.415546","2.199044","433062.97","4585197.783","433154.926","4585398.747","932565755","Fax","","01/01","31/12","0000011","09:00:00","14:00:00","","Centres de serveis socials","Serveis socials","Serveis socials",
"92086005103","Centre de Serveis Socials Sant Martí-Verneda","#","Pl","Eduard Torroja","17","17","72","Sant Martí de Provençals","10","Sant Martí","08020","019","BARCELONA","41.415546","2.199044","433062.97","4585197.783","433154.926","4585398.747","900922357","Centraleta","(dilluns a dijous: 9 a 14 h i de 16 a 19 h i divendres de 9 a 14 h)","01/01","31/12","0000011","09:00:00","14:00:00","","Centres de serveis socials","Serveis socials","Serveis socials",
"92086005103","Centre de Serveis Socials Sant Martí-Verneda","#","Pl","Eduard Torroja","17","17","72","Sant Martí de Provençals","10","Sant Martí","08020","019","BARCELONA","41.415546","2.199044","433062.97","4585197.783","433154.926","4585398.747","932565755","Fax","","01/01","31/12","0000011","09:00:00","14:00:00","","Centres de serveis socials","Serveis d'atenció a la població en general","Serveis Socials",
"92086005103","Centre de Serveis Socials Sant Martí-Verneda","#","Pl","Eduard Torroja","17","17","72","Sant Martí de Provençals","10","Sant Martí","08020","019","BARCELONA","41.415546","2.199044","433062.97","4585197.783","433154.926","4585398.747","900922357","Centraleta","(dilluns a dijous: 9 a 14 h i de 16 a 19 h i divendres de 9 a 14 h)","01/01","31/12","0000011","09:00:00","14:00:00","","Centres de serveis socials","Serveis d'atenció a la població en general","Serveis Socials",
"92086005767","Centre de Serveis Socials Guineueta-Verdun-Prosperitat","#","C","Enric Casanovas","73","77","52","la Prosperitat","08","Nou Barris","08016","019","BARCELONA","41.441958","2.180811","431566.883","4588144.325","431658.824","4588345.316","933547573","Fax","","01/01","31/12","0000011","09:00:00","14:00:00","","Centres de serveis socials","Serveis d'atenció a la població en general","Serveis Socials",
"92086005767","Centre de Serveis Socials Guineueta-Verdun-Prosperitat","#","C","Enric Casanovas","73","77","52","la Prosperitat","08","Nou Barris","08016","019","BARCELONA","41.441958","2.180811","431566.883","4588144.325","431658.824","4588345.316","900922357","Centraleta","(dilluns a dijous: 9 a 14 h i de 16 a 19 h i divendres de 9 a 14 h)","01/01","31/12","0000011","09:00:00","14:00:00","","Centres de serveis socials","Serveis socials","Serveis socials",
"92086005767","Centre de Serveis Socials Guineueta-Verdun-Prosperitat","#","C","Enric Casanovas","73","77","52","la Prosperitat","08","Nou Barris","08016","019","BARCELONA","41.441958","2.180811","431566.883","4588144.325","431658.824","4588345.316","900922357","Centraleta","(dilluns a dijous: 9 a 14 h i de 16 a 19 h i divendres de 9 a 14 h)","01/01","31/12","0000011","09:00:00","14:00:00","","Centres de serveis socials","Serveis d'atenció a la població en general","Serveis Socials",
"92086005767","Centre de Serveis Socials Guineueta-Verdun-Prosperitat","#","C","Enric Casanovas","73","77","52","la Prosperitat","08","Nou Barris","08016","019","BARCELONA","41.441958","2.180811","431566.883","4588144.325","431658.824","4588345.316","933547573","Fax","","01/01","31/12","0000011","09:00:00","14:00:00","","Centres de serveis socials","Serveis socials","Serveis socials",
"92086009702","Centre de Serveis Socials Sant Andreu","#","C","Paixalet","2","2","60","Sant Andreu","09","Sant Andreu","08030","019","BARCELONA","41.437171","2.192005","432497.079","4587604.024","432589.029","4587805.011","900922357","Centraleta","(dilluns a dijous: 9 a 14 h i de 16 a 19 h i divendres de 9 a 14 h)","01/01","31/12","0000011","09:00:00","14:00:00","","Centres de serveis socials","Serveis socials","Serveis socials",
"92086009702","Centre de Serveis Socials Sant Andreu","#","C","Paixalet","2","2","60","Sant Andreu","09","Sant Andreu","08030","019","BARCELONA","41.437171","2.192005","432497.079","4587604.024","432589.029","4587805.011","932918851","Fax","","01/01","31/12","0000011","09:00:00","14:00:00","","Centres de serveis socials","Serveis socials","Serveis socials",
"92086009702","Centre de Serveis Socials Sant Andreu","#","C","Paixalet","2","2","60","Sant Andreu","09","Sant Andreu","08030","019","BARCELONA","41.437171","2.192005","432497.079","4587604.024","432589.029","4587805.011","932918851","Fax","","01/01","31/12","0000011","09:00:00","14:00:00","","Centres de serveis socials","Serveis d'atenció a la població en general","Serveis Socials",
"92086009702","Centre de Serveis Socials Sant Andreu","#","C","Paixalet","2","2","60","Sant Andreu","09","Sant Andreu","08030","019","BARCELONA","41.437171","2.192005","432497.079","4587604.024","432589.029","4587805.011","900922357","Centraleta","(dilluns a dijous: 9 a 14 h i de 16 a 19 h i divendres de 9 a 14 h)","01/01","31/12","0000011","09:00:00","14:00:00","","Centres de serveis socials","Serveis d'atenció a la població en general","Serveis Socials",
"92086009708","Centre de Serveis Socials Sagrada Família","#","C","Mallorca","425","433","06","la Sagrada Família","02","Eixample","08013","019","BARCELONA","41.405012","2.177249","431230.346","4584045.418","431322.285","4584246.371","900922357","Centraleta","(dilluns a dijous: 9 a 14 h i de 16 a 19 h i divendres de 9 a 14 h)","01/01","31/12","0000011","09:00:00","14:00:00","","Centres de serveis socials","Serveis d'atenció a la població en general","Serveis Socials",
"92086009708","Centre de Serveis Socials Sagrada Família","#","C","Mallorca","425","433","06","la Sagrada Família","02","Eixample","08013","019","BARCELONA","41.405012","2.177249","431230.346","4584045.418","431322.285","4584246.371","932562820","Fax","","01/01","31/12","0000011","09:00:00","14:00:00","","Centres de serveis socials","Serveis socials","Serveis socials",
"92086009708","Centre de Serveis Socials Sagrada Família","#","C","Mallorca","425","433","06","la Sagrada Família","02","Eixample","08013","019","BARCELONA","41.405012","2.177249","431230.346","4584045.418","431322.285","4584246.371","932562820","Fax","","01/01","31/12","0000011","09:00:00","14:00:00","","Centres de serveis socials","Serveis d'atenció a la població en general","Serveis Socials",
"92086009708","Centre de Serveis Socials Sagrada Família","#","C","Mallorca","425","433","06","la Sagrada Família","02","Eixample","08013","019","BARCELONA","41.405012","2.177249","431230.346","4584045.418","431322.285","4584246.371","900922357","Centraleta","(dilluns a dijous: 9 a 14 h i de 16 a 19 h i divendres de 9 a 14 h)","01/01","31/12","0000011","09:00:00","14:00:00","","Centres de serveis socials","Serveis socials","Serveis socials",
"92086009710","Centre de Serveis Socials Les Corts","#","C","Can Bruixa","7","11","19","les Corts","04","Les Corts","08028","019","BARCELONA","41.38399","2.131509","427383.734","4581748.883","427475.638","4581949.814","932564849","Fax","","01/01","31/12","0000011","09:00:00","14:00:00","","Centres de serveis socials","Serveis d'atenció a la població en general","Serveis Socials",
"92086009710","Centre de Serveis Socials Les Corts","#","C","Can Bruixa","7","11","19","les Corts","04","Les Corts","08028","019","BARCELONA","41.38399","2.131509","427383.734","4581748.883","427475.638","4581949.814","900922357","Centraleta","(dilluns a dijous: 9 a 14 h i de 16 a 19 h i divendres de 9 a 14 h)","01/01","31/12","0000011","09:00:00","14:00:00","","Centres de serveis socials","Serveis d'atenció a la població en general","Serveis Socials",
"92086009710","Centre de Serveis Socials Les Corts","#","C","Can Bruixa","7","11","19","les Corts","04","Les Corts","08028","019","BARCELONA","41.38399","2.131509","427383.734","4581748.883","427475.638","4581949.814","900922357","Centraleta","(dilluns a dijous: 9 a 14 h i de 16 a 19 h i divendres de 9 a 14 h)","01/01","31/12","0000011","09:00:00","14:00:00","","Centres de serveis socials","Serveis socials","Serveis socials",
"92086009710","Centre de Serveis Socials Les Corts","#","C","Can Bruixa","7","11","19","les Corts","04","Les Corts","08028","019","BARCELONA","41.38399","2.131509","427383.734","4581748.883","427475.638","4581949.814","932564849","Fax","","01/01","31/12","0000011","09:00:00","14:00:00","","Centres de serveis socials","Serveis socials","Serveis socials",
"92086009715","Centre de  Serveis Socials del Guinardó","#","Rda","Guinardó","113","141","35","el Guinardó","07","Horta-Guinardó","08041","019","BARCELONA","41.416506","2.172966","430884.584","4585324.876","430976.52","4585525.841","900922357","Centraleta","(dilluns a dijous: 9 a 14 h i de 16 a 19 h i divendres de 9 a 14  h)","01/01","31/12","0000011","09:00:00","14:00:00","","Centres de serveis socials","Serveis socials","Serveis socials",
"92086009715","Centre de  Serveis Socials del Guinardó","#","Rda","Guinardó","113","141","35","el Guinardó","07","Horta-Guinardó","08041","019","BARCELONA","41.416506","2.172966","430884.584","4585324.876","430976.52","4585525.841","932562814","Fax","","01/01","31/12","0000011","09:00:00","14:00:00","","Centres de serveis socials","Serveis d'atenció a la població en general","Serveis Socials",
"92086009715","Centre de  Serveis Socials del Guinardó","#","Rda","Guinardó","113","141","35","el Guinardó","07","Horta-Guinardó","08041","019","BARCELONA","41.416506","2.172966","430884.584","4585324.876","430976.52","4585525.841","900922357","Centraleta","(dilluns a dijous: 9 a 14 h i de 16 a 19 h i divendres de 9 a 14  h)","01/01","31/12","0000011","09:00:00","14:00:00","","Centres de serveis socials","Serveis d'atenció a la població en general","Serveis Socials",
"92086009715","Centre de  Serveis Socials del Guinardó","#","Rda","Guinardó","113","141","35","el Guinardó","07","Horta-Guinardó","08041","019","BARCELONA","41.416506","2.172966","430884.584","4585324.876","430976.52","4585525.841","932562814","Fax","","01/01","31/12","0000011","09:00:00","14:00:00","","Centres de serveis socials","Serveis socials","Serveis socials",
"92086009717","Centre de Serveis Socials Horta","#","C","Santes Creus","8","8","43","Horta","07","Horta-Guinardó","08031","019","BARCELONA","41.430332","2.162258","430004.525","4586868.455","430096.452","4587069.434","900922357","Centraleta","(dilluns a dijous: 9 a 14 h i de 16 a 19 h i divendres de 9 a 14 h)","01/01","31/12","0000011","09:00:00","14:00:00","","Centres de serveis socials","Serveis socials","Serveis socials",
"92086009717","Centre de Serveis Socials Horta","#","C","Santes Creus","8","8","43","Horta","07","Horta-Guinardó","08031","019","BARCELONA","41.430332","2.162258","430004.525","4586868.455","430096.452","4587069.434","932566090","Fax","","01/01","31/12","0000011","09:00:00","14:00:00","","Centres de serveis socials","Serveis d'atenció a la població en general","Serveis Socials",
"92086009717","Centre de Serveis Socials Horta","#","C","Santes Creus","8","8","43","Horta","07","Horta-Guinardó","08031","019","BARCELONA","41.430332","2.162258","430004.525","4586868.455","430096.452","4587069.434","900922357","Centraleta","(dilluns a dijous: 9 a 14 h i de 16 a 19 h i divendres de 9 a 14 h)","01/01","31/12","0000011","09:00:00","14:00:00","","Centres de serveis socials","Serveis d'atenció a la població en general","Serveis Socials",
"92086009717","Centre de Serveis Socials Horta","#","C","Santes Creus","8","8","43","Horta","07","Horta-Guinardó","08031","019","BARCELONA","41.430332","2.162258","430004.525","4586868.455","430096.452","4587069.434","932566090","Fax","","01/01","31/12","0000011","09:00:00","14:00:00","","Centres de serveis socials","Serveis socials","Serveis socials",
"92086009720","Centre de Serveis Socials de Vila de Gràcia","#","Pl","Vila de Gràcia","2","2","31","la Vila de Gràcia","06","Gràcia","08012","019","BARCELONA","41.4","2.157879","429605.888","4583504.574","429697.812","4583705.522","932377916","Fax","","01/01","31/12","0000011","09:00:00","14:00:00","","Centres de serveis socials","Serveis socials","Serveis socials",
"92086009720","Centre de Serveis Socials de Vila de Gràcia","#","Pl","Vila de Gràcia","2","2","31","la Vila de Gràcia","06","Gràcia","08012","019","BARCELONA","41.4","2.157879","429605.888","4583504.574","429697.812","4583705.522","900922357","Centraleta","(dilluns a dijous: 9 a 14 h i de 16 a 19 h i divendres de 9 a 14 h)","01/01","31/12","0000011","09:00:00","14:00:00","","Centres de serveis socials","Serveis d'atenció a la població en general","Serveis Socials",
"92086009720","Centre de Serveis Socials de Vila de Gràcia","#","Pl","Vila de Gràcia","2","2","31","la Vila de Gràcia","06","Gràcia","08012","019","BARCELONA","41.4","2.157879","429605.888","4583504.574","429697.812","4583705.522","932377916","Fax","","01/01","31/12","0000011","09:00:00","14:00:00","","Centres de serveis socials","Serveis d'atenció a la població en general","Serveis Socials",
"92086009720","Centre de Serveis Socials de Vila de Gràcia","#","Pl","Vila de Gràcia","2","2","31","la Vila de Gràcia","06","Gràcia","08012","019","BARCELONA","41.4","2.157879","429605.888","4583504.574","429697.812","4583705.522","900922357","Centraleta","(dilluns a dijous: 9 a 14 h i de 16 a 19 h i divendres de 9 a 14 h)","01/01","31/12","0000011","09:00:00","14:00:00","","Centres de serveis socials","Serveis socials","Serveis socials",
"92086009758","Centre de Serveis Socials Sarrià","#","C","Salvador Mundí","4","4","23","Sarrià","05","Sarrià-Sant Gervasi","08017","019","BARCELONA","41.399213","2.122534","426650.425","4583446.478","426742.322","4583647.424","932522568","Fax","","01/01","31/12","0000011","09:00:00","14:00:00","","Centres de serveis socials","Serveis socials","Serveis socials",
"92086009758","Centre de Serveis Socials Sarrià","#","C","Salvador Mundí","4","4","23","Sarrià","05","Sarrià-Sant Gervasi","08017","019","BARCELONA","41.399213","2.122534","426650.425","4583446.478","426742.322","4583647.424","900922357","Centraleta","(dilluns a dijous: 9 a 14 h i de 16 a 19 h i divendres de 9 a 14 h)","01/01","31/12","0000011","09:00:00","14:00:00","","Centres de serveis socials","Serveis socials","Serveis socials",
"92086009758","Centre de Serveis Socials Sarrià","#","C","Salvador Mundí","4","4","23","Sarrià","05","Sarrià-Sant Gervasi","08017","019","BARCELONA","41.399213","2.122534","426650.425","4583446.478","426742.322","4583647.424","932522568","Fax","","01/01","31/12","0000011","09:00:00","14:00:00","","Centres de serveis socials","Serveis d'atenció a la població en general","Serveis Socials",
"92086009758","Centre de Serveis Socials Sarrià","#","C","Salvador Mundí","4","4","23","Sarrià","05","Sarrià-Sant Gervasi","08017","019","BARCELONA","41.399213","2.122534","426650.425","4583446.478","426742.322","4583647.424","900922357","Centraleta","(dilluns a dijous: 9 a 14 h i de 16 a 19 h i divendres de 9 a 14 h)","01/01","31/12","0000011","09:00:00","14:00:00","","Centres de serveis socials","Serveis d'atenció a la població en general","Serveis Socials",
"92086009759","Centre de Serveis Socials Barceloneta","#","C","Balboa","11","11","03","la Barceloneta","01","Ciutat Vella","08003","019","BARCELONA","41.382251","2.188285","432129.173","4581509.783","432221.121","4581710.713","932563910","Fax","","01/01","31/12","0000011","09:00:00","14:00:00","","Centres de serveis socials","Serveis d'atenció a la població en general","Serveis Socials",
"92086009759","Centre de Serveis Socials Barceloneta","#","C","Balboa","11","11","03","la Barceloneta","01","Ciutat Vella","08003","019","BARCELONA","41.382251","2.188285","432129.173","4581509.783","432221.121","4581710.713","900922357","Centraleta","(dilluns a dijous: 9 a 14 h i de 16 a 19 h i divendres de 9 a 14 h)","01/01","31/12","0000011","09:00:00","14:00:00","","Centres de serveis socials","Serveis d'atenció a la població en general","Serveis Socials",
"92086009759","Centre de Serveis Socials Barceloneta","#","C","Balboa","11","11","03","la Barceloneta","01","Ciutat Vella","08003","019","BARCELONA","41.382251","2.188285","432129.173","4581509.783","432221.121","4581710.713","932563910","Fax","","01/01","31/12","0000011","09:00:00","14:00:00","","Centres de serveis socials","Serveis socials","Serveis socials",
"92086009759","Centre de Serveis Socials Barceloneta","#","C","Balboa","11","11","03","la Barceloneta","01","Ciutat Vella","08003","019","BARCELONA","41.382251","2.188285","432129.173","4581509.783","432221.121","4581710.713","900922357","Centraleta","(dilluns a dijous: 9 a 14 h i de 16 a 19 h i divendres de 9 a 14 h)","01/01","31/12","0000011","09:00:00","14:00:00","","Centres de serveis socials","Serveis socials","Serveis socials",
"92086013468","Centre de Serveis Socials Franja Besòs","#","C","Estadella","64","64","59","el Bon Pastor","09","Sant Andreu","08030","019","BARCELONA","41.435193","2.204809","433564.77","4587374.592","433656.73","4587575.577","900922357","Centraleta","(dilluns a dijous: 9 a 14 h i de 16 a 19 h i divendres de 9 a 14 h)","01/01","31/12","0000011","09:00:00","14:00:00","","Centres de serveis socials","Serveis d'atenció a la població en general","Serveis Socials",
"92086013468","Centre de Serveis Socials Franja Besòs","#","C","Estadella","64","64","59","el Bon Pastor","09","Sant Andreu","08030","019","BARCELONA","41.435193","2.204809","433564.77","4587374.592","433656.73","4587575.577","932565122","Fax","","01/01","31/12","0000011","09:00:00","14:00:00","","Centres de serveis socials","Serveis socials","Serveis socials",
"92086013468","Centre de Serveis Socials Franja Besòs","#","C","Estadella","64","64","59","el Bon Pastor","09","Sant Andreu","08030","019","BARCELONA","41.435193","2.204809","433564.77","4587374.592","433656.73","4587575.577","900922357","Centraleta","(dilluns a dijous: 9 a 14 h i de 16 a 19 h i divendres de 9 a 14 h)","01/01","31/12","0000011","09:00:00","14:00:00","","Centres de serveis socials","Serveis socials","Serveis socials",
"92086013468","Centre de Serveis Socials Franja Besòs","#","C","Estadella","64","64","59","el Bon Pastor","09","Sant Andreu","08030","019","BARCELONA","41.435193","2.204809","433564.77","4587374.592","433656.73","4587575.577","932565122","Fax","","01/01","31/12","0000011","09:00:00","14:00:00","","Centres de serveis socials","Serveis d'atenció a la població en general","Serveis Socials",
"92086015252","Centre de Serveis Socials Gòtic","#","C","Correu Vell","5","5","02","el Barri Gòtic","01","Ciutat Vella","08002","019","BARCELONA","41.381671","2.179743","431414.279","4581452.185","431506.221","4581653.114","900922357","Centraleta","(dilluns a dijous: 9 a 14 h i de 16 a 19 h i divendres de 9 a 14 h)","","","","","","","Centres de serveis socials","Serveis socials","Serveis socials",
"92086015252","Centre de Serveis Socials Gòtic","#","C","Correu Vell","5","5","02","el Barri Gòtic","01","Ciutat Vella","08002","019","BARCELONA","41.381671","2.179743","431414.279","4581452.185","431506.221","4581653.114","932563267","Fax","","","","","","","","Centres de serveis socials","Serveis socials","Serveis socials",
"92086015252","Centre de Serveis Socials Gòtic","#","C","Correu Vell","5","5","02","el Barri Gòtic","01","Ciutat Vella","08002","019","BARCELONA","41.381671","2.179743","431414.279","4581452.185","431506.221","4581653.114","900922357","Centraleta","(dilluns a dijous: 9 a 14 h i de 16 a 19 h i divendres de 9 a 14 h)","","","","","","","Centres de serveis socials","Serveis d'atenció a la població en general","Serveis Socials",
"92086015252","Centre de Serveis Socials Gòtic","#","C","Correu Vell","5","5","02","el Barri Gòtic","01","Ciutat Vella","08002","019","BARCELONA","41.381671","2.179743","431414.279","4581452.185","431506.221","4581653.114","932563267","Fax","","","","","","","","Centres de serveis socials","Serveis d'atenció a la població en general","Serveis Socials",
"92086015253","Centre de Serveis Socials del Casc Antic","#","Pg","Picasso","4","4","04","Sant Pere, Santa Caterina i la Ribera","01","Ciutat Vella","08003","019","BARCELONA","41.388517","2.181862","431598.661","4582210.464","431690.604","4582411.4","900922357","Centraleta","(dilluns a dijous: 9 a 14 h i de 16 a 19 h i divendres de 9 a 14 h)","01/01","31/12","0000011","09:00:00","14:00:00","","Centres de serveis socials","Serveis d'atenció a la població en general","Serveis Socials",
"92086015253","Centre de Serveis Socials del Casc Antic","#","Pg","Picasso","4","4","04","Sant Pere, Santa Caterina i la Ribera","01","Ciutat Vella","08003","019","BARCELONA","41.388517","2.181862","431598.661","4582210.464","431690.604","4582411.4","933102291","Fax","","01/01","31/12","0000011","09:00:00","14:00:00","","Centres de serveis socials","Serveis socials","Serveis socials",
"92086015253","Centre de Serveis Socials del Casc Antic","#","Pg","Picasso","4","4","04","Sant Pere, Santa Caterina i la Ribera","01","Ciutat Vella","08003","019","BARCELONA","41.388517","2.181862","431598.661","4582210.464","431690.604","4582411.4","933102291","Fax","","01/01","31/12","0000011","09:00:00","14:00:00","","Centres de serveis socials","Serveis d'atenció a la població en general","Serveis Socials",
"92086015253","Centre de Serveis Socials del Casc Antic","#","Pg","Picasso","4","4","04","Sant Pere, Santa Caterina i la Ribera","01","Ciutat Vella","08003","019","BARCELONA","41.388517","2.181862","431598.661","4582210.464","431690.604","4582411.4","900922357","Centraleta","(dilluns a dijous: 9 a 14 h i de 16 a 19 h i divendres de 9 a 14 h)","01/01","31/12","0000011","09:00:00","14:00:00","","Centres de serveis socials","Serveis socials","Serveis socials",
"92086015254","Centre de Serveis Socials Sant Antoni","#","C","Calàbria","38","38","10","Sant Antoni","02","Eixample","08015","019","BARCELONA","41.376675","2.159273","429697.334","4580913.852","429789.26","4581114.776","932562358","Fax","","01/01","31/12","","09:00:00","14:00:00","","Centres de serveis socials","Serveis d'atenció a la població en general","Serveis Socials",
"92086015254","Centre de Serveis Socials Sant Antoni","#","C","Calàbria","38","38","10","Sant Antoni","02","Eixample","08015","019","BARCELONA","41.376675","2.159273","429697.334","4580913.852","429789.26","4581114.776","932562358","Fax","","01/01","31/12","","09:00:00","14:00:00","","Centres de serveis socials","Serveis d'atenció a la població en general","Serveis Socials",
"92086015254","Centre de Serveis Socials Sant Antoni","#","C","Calàbria","38","38","10","Sant Antoni","02","Eixample","08015","019","BARCELONA","41.376675","2.159273","429697.334","4580913.852","429789.26","4581114.776","932562358","Fax","","01/01","31/12","0000011","09:00:00","14:00:00","","Centres de serveis socials","Serveis d'atenció a la població en general","Serveis Socials",
"92086015254","Centre de Serveis Socials Sant Antoni","#","C","Calàbria","38","38","10","Sant Antoni","02","Eixample","08015","019","BARCELONA","41.376675","2.159273","429697.334","4580913.852","429789.26","4581114.776","932562358","Fax","","01/01","31/12","","09:00:00","14:00:00","","Centres de serveis socials","Serveis d'atenció a la població en general","Serveis Socials",
"92086015254","Centre de Serveis Socials Sant Antoni","#","C","Calàbria","38","38","10","Sant Antoni","02","Eixample","08015","019","BARCELONA","41.376675","2.159273","429697.334","4580913.852","429789.26","4581114.776","900922357","Centraleta","(dilluns a dijous: 9 a 14 h i de 16 a 19 h i divendres de 9 a 14 h)","01/01","31/12","","09:00:00","14:00:00","","Centres de serveis socials","Serveis socials","Serveis socials",
"92086015254","Centre de Serveis Socials Sant Antoni","#","C","Calàbria","38","38","10","Sant Antoni","02","Eixample","08015","019","BARCELONA","41.376675","2.159273","429697.334","4580913.852","429789.26","4581114.776","900922357","Centraleta","(dilluns a dijous: 9 a 14 h i de 16 a 19 h i divendres de 9 a 14 h)","01/01","31/12","","09:00:00","14:00:00","","Centres de serveis socials","Serveis socials","Serveis socials",
"92086015254","Centre de Serveis Socials Sant Antoni","#","C","Calàbria","38","38","10","Sant Antoni","02","Eixample","08015","019","BARCELONA","41.376675","2.159273","429697.334","4580913.852","429789.26","4581114.776","900922357","Centraleta","(dilluns a dijous: 9 a 14 h i de 16 a 19 h i divendres de 9 a 14 h)","01/01","31/12","0000011","09:00:00","14:00:00","","Centres de serveis socials","Serveis socials","Serveis socials",
"92086015254","Centre de Serveis Socials Sant Antoni","#","C","Calàbria","38","38","10","Sant Antoni","02","Eixample","08015","019","BARCELONA","41.376675","2.159273","429697.334","4580913.852","429789.26","4581114.776","900922357","Centraleta","(dilluns a dijous: 9 a 14 h i de 16 a 19 h i divendres de 9 a 14 h)","01/01","31/12","","09:00:00","14:00:00","","Centres de serveis socials","Serveis socials","Serveis socials",
"92086015254","Centre de Serveis Socials Sant Antoni","#","C","Calàbria","38","38","10","Sant Antoni","02","Eixample","08015","019","BARCELONA","41.376675","2.159273","429697.334","4580913.852","429789.26","4581114.776","932562358","Fax","","01/01","31/12","","09:00:00","14:00:00","","Centres de serveis socials","Serveis socials","Serveis socials",
"92086015254","Centre de Serveis Socials Sant Antoni","#","C","Calàbria","38","38","10","Sant Antoni","02","Eixample","08015","019","BARCELONA","41.376675","2.159273","429697.334","4580913.852","429789.26","4581114.776","932562358","Fax","","01/01","31/12","","09:00:00","14:00:00","","Centres de serveis socials","Serveis socials","Serveis socials",
"92086015254","Centre de Serveis Socials Sant Antoni","#","C","Calàbria","38","38","10","Sant Antoni","02","Eixample","08015","019","BARCELONA","41.376675","2.159273","429697.334","4580913.852","429789.26","4581114.776","932562358","Fax","","01/01","31/12","0000011","09:00:00","14:00:00","","Centres de serveis socials","Serveis socials","Serveis socials",
"92086015254","Centre de Serveis Socials Sant Antoni","#","C","Calàbria","38","38","10","Sant Antoni","02","Eixample","08015","019","BARCELONA","41.376675","2.159273","429697.334","4580913.852","429789.26","4581114.776","932562358","Fax","","01/01","31/12","","09:00:00","14:00:00","","Centres de serveis socials","Serveis socials","Serveis socials",
"92086015254","Centre de Serveis Socials Sant Antoni","#","C","Calàbria","38","38","10","Sant Antoni","02","Eixample","08015","019","BARCELONA","41.376675","2.159273","429697.334","4580913.852","429789.26","4581114.776","900922357","Centraleta","(dilluns a dijous: 9 a 14 h i de 16 a 19 h i divendres de 9 a 14 h)","01/01","31/12","","09:00:00","14:00:00","","Centres de serveis socials","Serveis d'atenció a la població en general","Serveis Socials",
"92086015254","Centre de Serveis Socials Sant Antoni","#","C","Calàbria","38","38","10","Sant Antoni","02","Eixample","08015","019","BARCELONA","41.376675","2.159273","429697.334","4580913.852","429789.26","4581114.776","900922357","Centraleta","(dilluns a dijous: 9 a 14 h i de 16 a 19 h i divendres de 9 a 14 h)","01/01","31/12","","09:00:00","14:00:00","","Centres de serveis socials","Serveis d'atenció a la població en general","Serveis Socials",
"92086015254","Centre de Serveis Socials Sant Antoni","#","C","Calàbria","38","38","10","Sant Antoni","02","Eixample","08015","019","BARCELONA","41.376675","2.159273","429697.334","4580913.852","429789.26","4581114.776","900922357","Centraleta","(dilluns a dijous: 9 a 14 h i de 16 a 19 h i divendres de 9 a 14 h)","01/01","31/12","0000011","09:00:00","14:00:00","","Centres de serveis socials","Serveis d'atenció a la població en general","Serveis Socials",
"92086015254","Centre de Serveis Socials Sant Antoni","#","C","Calàbria","38","38","10","Sant Antoni","02","Eixample","08015","019","BARCELONA","41.376675","2.159273","429697.334","4580913.852","429789.26","4581114.776","900922357","Centraleta","(dilluns a dijous: 9 a 14 h i de 16 a 19 h i divendres de 9 a 14 h)","01/01","31/12","","09:00:00","14:00:00","","Centres de serveis socials","Serveis d'atenció a la població en general","Serveis Socials",
"92086015255","Centre de Serveis Socials Carmel","#","C","Santuari","27","27","37","el Carmel","07","Horta-Guinardó","08032","019","BARCELONA","41.420291","2.151211","429070.62","4585762.674","429162.539","4585963.642","932563339","Fax","","01/01","31/12","0000011","09:00:00","14:00:00","","Centres de serveis socials","Serveis d'atenció a la població en general","Serveis Socials",
"92086015255","Centre de Serveis Socials Carmel","#","C","Santuari","27","27","37","el Carmel","07","Horta-Guinardó","08032","019","BARCELONA","41.420291","2.151211","429070.62","4585762.674","429162.539","4585963.642","932563339","Fax","","01/01","31/12","0000011","09:00:00","14:00:00","","Centres de serveis socials","Serveis socials","Serveis socials",
"92086015255","Centre de Serveis Socials Carmel","#","C","Santuari","27","27","37","el Carmel","07","Horta-Guinardó","08032","019","BARCELONA","41.420291","2.151211","429070.62","4585762.674","429162.539","4585963.642","900922357","Centraleta","(dilluns a dijous: 9 a 14 h i de 16 a 19 h i divendres de 9 a 14 h)","01/01","31/12","0000011","09:00:00","14:00:00","","Centres de serveis socials","Serveis d'atenció a la població en general","Serveis Socials",
"92086015255","Centre de Serveis Socials Carmel","#","C","Santuari","27","27","37","el Carmel","07","Horta-Guinardó","08032","019","BARCELONA","41.420291","2.151211","429070.62","4585762.674","429162.539","4585963.642","900922357","Centraleta","(dilluns a dijous: 9 a 14 h i de 16 a 19 h i divendres de 9 a 14 h)","01/01","31/12","0000011","09:00:00","14:00:00","","Centres de serveis socials","Serveis socials","Serveis socials",
"92086015992","Centre de Serveis Socials Poble-sec","#","C","Roser","15","15","11","el Poble-sec","03","Sants-Montjuïc","08004","019","BARCELONA","41.37384","2.167051","430344.666","4580592.895","430436.598","4580793.816","900922357","Centraleta","(dilluns a dijous: 9 a 14 h i de 16 a 19 h i divendres de 9 a 14 h)","01/01","31/12","0000011","09:00:00","14:00:00","","Centres de serveis socials","Serveis d'atenció a la població en general","Serveis Socials",
"92086015992","Centre de Serveis Socials Poble-sec","#","C","Roser","15","15","11","el Poble-sec","03","Sants-Montjuïc","08004","019","BARCELONA","41.37384","2.167051","430344.666","4580592.895","430436.598","4580793.816","900922357","Centraleta","(dilluns a dijous: 9 a 14 h i de 16 a 19 h i divendres de 9 a 14 h)","01/01","31/12","0000011","09:00:00","14:00:00","","Centres de serveis socials","Serveis socials","Serveis socials",
"92086015992","Centre de Serveis Socials Poble-sec","#","C","Roser","15","15","11","el Poble-sec","03","Sants-Montjuïc","08004","019","BARCELONA","41.37384","2.167051","430344.666","4580592.895","430436.598","4580793.816","933 294 928","Fax","","01/01","31/12","0000011","09:00:00","14:00:00","","Centres de serveis socials","Serveis d'atenció a la població en general","Serveis Socials",
"92086015992","Centre de Serveis Socials Poble-sec","#","C","Roser","15","15","11","el Poble-sec","03","Sants-Montjuïc","08004","019","BARCELONA","41.37384","2.167051","430344.666","4580592.895","430436.598","4580793.816","933 294 928","Fax","","01/01","31/12","0000011","09:00:00","14:00:00","","Centres de serveis socials","Serveis socials","Serveis socials",
"92086027384","Centre de Serveis Socials Garcilaso","#","C","Garcilaso","103","103","61","la Sagrera","09","Sant Andreu","08027","019","BARCELONA","41.422635","2.18624","432000.252","4585994.794","432092.198","4586195.766","900922357","Centraleta","(dilluns a dijous: 9 a 14 h i de 16 a 19 h i divendres de 9 a 14 h)","01/01","31/12","0000011","09:00:00","14:00:00","","Centres de serveis socials","Serveis d'atenció a la població en general","Serveis Socials",
"92086027384","Centre de Serveis Socials Garcilaso","#","C","Garcilaso","103","103","61","la Sagrera","09","Sant Andreu","08027","019","BARCELONA","41.422635","2.18624","432000.252","4585994.794","432092.198","4586195.766","932566069","Fax","","01/01","31/12","0000011","09:00:00","14:00:00","","Centres de serveis socials","Serveis d'atenció a la població en general","Serveis Socials",
"92086027384","Centre de Serveis Socials Garcilaso","#","C","Garcilaso","103","103","61","la Sagrera","09","Sant Andreu","08027","019","BARCELONA","41.422635","2.18624","432000.252","4585994.794","432092.198","4586195.766","900922357","Centraleta","(dilluns a dijous: 9 a 14 h i de 16 a 19 h i divendres de 9 a 14 h)","01/01","31/12","0000011","09:00:00","14:00:00","","Centres de serveis socials","Serveis socials","Serveis socials",
"92086027384","Centre de Serveis Socials Garcilaso","#","C","Garcilaso","103","103","61","la Sagrera","09","Sant Andreu","08027","019","BARCELONA","41.422635","2.18624","432000.252","4585994.794","432092.198","4586195.766","932566069","Fax","","01/01","31/12","0000011","09:00:00","14:00:00","","Centres de serveis socials","Serveis socials","Serveis socials",
"92086027723","Centre de Serveis Socials Clot-Camp de l'Arpa","#","C","Corunya","5","7","65","el Clot","10","Sant Martí","08026","019","BARCELONA","41.407212","2.186378","431995.714","4584282.464","432087.66","4584483.42","932565881","Fax","","01/01","31/12","0000011","09:00:00","14:00:00","","Centres de serveis socials","Serveis d'atenció a la població en general","Serveis Socials",
"92086027723","Centre de Serveis Socials Clot-Camp de l'Arpa","#","C","Corunya","5","7","65","el Clot","10","Sant Martí","08026","019","BARCELONA","41.407212","2.186378","431995.714","4584282.464","432087.66","4584483.42","900922357","Centraleta","(dilluns a dijous: 9 a 14 h i de 16 a 19 h i divendres de 9 a 14 h)","01/01","31/12","0000011","09:00:00","14:00:00","","Centres de serveis socials","Serveis socials","Serveis socials",
"92086027723","Centre de Serveis Socials Clot-Camp de l'Arpa","#","C","Corunya","5","7","65","el Clot","10","Sant Martí","08026","019","BARCELONA","41.407212","2.186378","431995.714","4584282.464","432087.66","4584483.42","900922357","Centraleta","(dilluns a dijous: 9 a 14 h i de 16 a 19 h i divendres de 9 a 14 h)","01/01","31/12","0000011","09:00:00","14:00:00","","Centres de serveis socials","Serveis d'atenció a la població en general","Serveis Socials",
"92086027723","Centre de Serveis Socials Clot-Camp de l'Arpa","#","C","Corunya","5","7","65","el Clot","10","Sant Martí","08026","019","BARCELONA","41.407212","2.186378","431995.714","4584282.464","432087.66","4584483.42","932565881","Fax","","01/01","31/12","0000011","09:00:00","14:00:00","","Centres de serveis socials","Serveis socials","Serveis socials",
"92086031608","Centre de Serveis Socials Fort Pienc","#","Ctra","Antiga d'Horta","5","5","05","el Fort Pienc","02","Eixample","08013","019","BARCELONA","41.393871","2.180233","431468.104","4582806.142","431560.046","4583007.084","900922357","Centraleta","(dilluns a dijous: 9 a 14 h i de 16 a 19 h i divendres de 9 a 14 h)","01/01","31/12","0000011","09:00:00","14:00:00","","Centres de serveis socials","Serveis socials","Serveis socials",
"92086031608","Centre de Serveis Socials Fort Pienc","#","Ctra","Antiga d'Horta","5","5","05","el Fort Pienc","02","Eixample","08013","019","BARCELONA","41.393871","2.180233","431468.104","4582806.142","431560.046","4583007.084","900922357","Centraleta","(dilluns a dijous: 9 a 14 h i de 16 a 19 h i divendres de 9 a 14 h)","01/01","31/12","0000011","09:00:00","14:00:00","","Centres de serveis socials","Serveis d'atenció a la població en general","Serveis Socials",
"92086031608","Centre de Serveis Socials Fort Pienc","#","Ctra","Antiga d'Horta","5","5","05","el Fort Pienc","02","Eixample","08013","019","BARCELONA","41.393871","2.180233","431468.104","4582806.142","431560.046","4583007.084","932564351","Fax","","01/01","31/12","0000011","09:00:00","14:00:00","","Centres de serveis socials","Serveis socials","Serveis socials",
"92086031608","Centre de Serveis Socials Fort Pienc","#","Ctra","Antiga d'Horta","5","5","05","el Fort Pienc","02","Eixample","08013","019","BARCELONA","41.393871","2.180233","431468.104","4582806.142","431560.046","4583007.084","932564351","Fax","","01/01","31/12","0000011","09:00:00","14:00:00","","Centres de serveis socials","Serveis d'atenció a la població en general","Serveis Socials",
"92086036257","Centre de Serveis Socials Poblenou","#","Pl","Josep M. Huertas Claveria","1","1","68","el Poblenou","10","Sant Martí","08005","019","BARCELONA","41.403679","2.200518","433173.942","4583879.223","433265.899","4584080.175","932563904","Fax","","01/01","31/12","0000011","09:00:00","14:00:00","","Centres de serveis socials","Serveis socials","Serveis socials",
"92086036257","Centre de Serveis Socials Poblenou","#","Pl","Josep M. Huertas Claveria","1","1","68","el Poblenou","10","Sant Martí","08005","019","BARCELONA","41.403679","2.200518","433173.942","4583879.223","433265.899","4584080.175","932563904","Fax","","01/01","31/12","0000011","09:00:00","14:00:00","","Centres de serveis socials","Serveis d'atenció a la població en general","Serveis Socials",
"92086036257","Centre de Serveis Socials Poblenou","#","Pl","Josep M. Huertas Claveria","1","1","68","el Poblenou","10","Sant Martí","08005","019","BARCELONA","41.403679","2.200518","433173.942","4583879.223","433265.899","4584080.175","936197311","Centraleta","(dilluns a dijous: 9 a 14 h i de 16 a 19 h i divendres de 9 a 14 h)","01/01","31/12","0000011","09:00:00","14:00:00","","Centres de serveis socials","Serveis socials","Serveis socials",
"92086036257","Centre de Serveis Socials Poblenou","#","Pl","Josep M. Huertas Claveria","1","1","68","el Poblenou","10","Sant Martí","08005","019","BARCELONA","41.403679","2.200518","433173.942","4583879.223","433265.899","4584080.175","936197311","Centraleta","(dilluns a dijous: 9 a 14 h i de 16 a 19 h i divendres de 9 a 14 h)","01/01","31/12","0000011","09:00:00","14:00:00","","Centres de serveis socials","Serveis d'atenció a la població en general","Serveis Socials",
"92086036679","Centre de Serveis Socials Raval Sud","#","C","Carme","101","109","01","el Raval","01","Ciutat Vella","08001","019","BARCELONA","41.379871","2.166577","430311.5","4581262.858","430403.432","4581463.785","900922357","Centraleta","(dilluns a dijous: 9 a 14 h i de 16 a 19 h i divendres de 9 a 14 h)","01/01","31/12","0000011","09:00:00","14:00:00","","Centres de serveis socials","Serveis socials","Serveis socials",
"92086036679","Centre de Serveis Socials Raval Sud","#","C","Carme","101","109","01","el Raval","01","Ciutat Vella","08001","019","BARCELONA","41.379871","2.166577","430311.5","4581262.858","430403.432","4581463.785","932564722","Fax","","01/01","31/12","0000011","09:00:00","14:00:00","","Centres de serveis socials","Serveis d'atenció a la població en general","Serveis Socials",
"92086036679","Centre de Serveis Socials Raval Sud","#","C","Carme","101","109","01","el Raval","01","Ciutat Vella","08001","019","BARCELONA","41.379871","2.166577","430311.5","4581262.858","430403.432","4581463.785","932564722","Fax","","01/01","31/12","0000011","09:00:00","14:00:00","","Centres de serveis socials","Serveis socials","Serveis socials",
"92086036679","Centre de Serveis Socials Raval Sud","#","C","Carme","101","109","01","el Raval","01","Ciutat Vella","08001","019","BARCELONA","41.379871","2.166577","430311.5","4581262.858","430403.432","4581463.785","900922357","Centraleta","(dilluns a dijous: 9 a 14 h i de 16 a 19 h i divendres de 9 a 14 h)","01/01","31/12","0000011","09:00:00","14:00:00","","Centres de serveis socials","Serveis d'atenció a la població en general","Serveis Socials",
"92086038764","Centre Serveis Socials Vall d'Hebron","#","Av","Cardenal Vidal i Barraquer","45","45","41","la Vall d'Hebron","07","Horta-Guinardó","08035","019","BARCELONA","41.43296","2.151524","429110.566","4587168.947","429202.485","4587369.929","900922357","Centraleta","(dilluns a dijous: 9 a 14 h i de 16 a 19 h i divendres de 9 a 14 h)","01/01","31/12","0000011","09:00:00","14:00:00","","Centres de serveis socials","Serveis d'atenció a la població en general","Serveis Socials",
"92086038764","Centre Serveis Socials Vall d'Hebron","#","Av","Cardenal Vidal i Barraquer","45","45","41","la Vall d'Hebron","07","Horta-Guinardó","08035","019","BARCELONA","41.43296","2.151524","429110.566","4587168.947","429202.485","4587369.929","900922357","Centraleta","(dilluns a dijous: 9 a 14 h i de 16 a 19 h i divendres de 9 a 14 h)","01/01","31/12","0000011","09:00:00","14:00:00","","Centres de serveis socials","Serveis socials","Serveis socials",
"92086038764","Centre Serveis Socials Vall d'Hebron","#","Av","Cardenal Vidal i Barraquer","45","45","41","la Vall d'Hebron","07","Horta-Guinardó","08035","019","BARCELONA","41.43296","2.151524","429110.566","4587168.947","429202.485","4587369.929","932563376","Fax","","01/01","31/12","0000011","09:00:00","14:00:00","","Centres de serveis socials","Serveis d'atenció a la població en general","Serveis Socials",
"92086038764","Centre Serveis Socials Vall d'Hebron","#","Av","Cardenal Vidal i Barraquer","45","45","41","la Vall d'Hebron","07","Horta-Guinardó","08035","019","BARCELONA","41.43296","2.151524","429110.566","4587168.947","429202.485","4587369.929","932563376","Fax","","01/01","31/12","0000011","09:00:00","14:00:00","","Centres de serveis socials","Serveis socials","Serveis socials",
"92133191703","Centre de Serveis Socials Roquetes-Trinitat Nova-Canyelles","#","C","Vidal i Guasch","76","78","50","les Roquetes","08","Nou Barris","08042","019","BARCELONA","41.447982","2.176482","431211.623","4588816.477","431303.561","4589017.474","900922357","Centraleta","(dilluns a dijous: 9 a 14 h i de 16 a 19 h i divendres de 9 a 14 h)","01/01","31/12","0000011","09:00:00","14:00:00","","Centres de serveis socials","Serveis d'atenció a la població en general","Serveis Socials",
"92133191703","Centre de Serveis Socials Roquetes-Trinitat Nova-Canyelles","#","C","Vidal i Guasch","76","78","50","les Roquetes","08","Nou Barris","08042","019","BARCELONA","41.447982","2.176482","431211.623","4588816.477","431303.561","4589017.474","932564337","Fax","","01/01","31/12","0000011","09:00:00","14:00:00","","Centres de serveis socials","Serveis socials","Serveis socials",
"92133191703","Centre de Serveis Socials Roquetes-Trinitat Nova-Canyelles","#","C","Vidal i Guasch","76","78","50","les Roquetes","08","Nou Barris","08042","019","BARCELONA","41.447982","2.176482","431211.623","4588816.477","431303.561","4589017.474","932564337","Fax","","01/01","31/12","0000011","09:00:00","14:00:00","","Centres de serveis socials","Serveis d'atenció a la població en general","Serveis Socials",
"92133191703","Centre de Serveis Socials Roquetes-Trinitat Nova-Canyelles","#","C","Vidal i Guasch","76","78","50","les Roquetes","08","Nou Barris","08042","019","BARCELONA","41.447982","2.176482","431211.623","4588816.477","431303.561","4589017.474","900922357","Centraleta","(dilluns a dijous: 9 a 14 h i de 16 a 19 h i divendres de 9 a 14 h)","01/01","31/12","0000011","09:00:00","14:00:00","","Centres de serveis socials","Serveis socials","Serveis socials",
"94325093917","Centre de Serveis Socials Sant Gervasi","#","C","Arimon","7","7","25","Sant Gervasi - la Bonanova","05","Sarrià-Sant Gervasi","08022","019","BARCELONA","41.404745","2.137359","427895.83","4584048.19","427987.739","4584249.142","900922357","Centraleta","(dilluns a dijous: 9 a 14 h i de 16 a 19 h i divendres de 9 a 14 h)","","","","","","","Centres de serveis socials","Serveis d'atenció a la població en general","Serveis Socials",
"94325093917","Centre de Serveis Socials Sant Gervasi","#","C","Arimon","7","7","25","Sant Gervasi - la Bonanova","05","Sarrià-Sant Gervasi","08022","019","BARCELONA","41.404745","2.137359","427895.83","4584048.19","427987.739","4584249.142","900922357","Centraleta","(dilluns a dijous: 9 a 14 h i de 16 a 19 h i divendres de 9 a 14 h)","","","","","","","Centres de serveis socials","Serveis socials","Serveis socials",
"95026120845","Centre de Serveis Socials La Salut - El Coll - Vallcarca i els Penitents","#","C","Sargelet","2","2","30","la Salut","06","Gràcia","08024","019","BARCELONA","41.409005","2.150886","429031.174","4584510.011","429123.093","4584710.968","900922357","Centraleta","(dilluns a dijous: 9 a 14 h i de 16 a 19 h i divendres de 9 a 14 h)","01/01","31/12","0000011","09:00:00","14:00:00","","Centres de serveis socials","Serveis socials","Serveis socials",
"95026120845","Centre de Serveis Socials La Salut - El Coll - Vallcarca i els Penitents","#","C","Sargelet","2","2","30","la Salut","06","Gràcia","08024","019","BARCELONA","41.409005","2.150886","429031.174","4584510.011","429123.093","4584710.968","900922357","Centraleta","(dilluns a dijous: 9 a 14 h i de 16 a 19 h i divendres de 9 a 14 h)","01/01","31/12","0000011","09:00:00","14:00:00","","Centres de serveis socials","Serveis d'atenció a la població en general","Serveis Socials",
"95026120845","Centre de Serveis Socials La Salut - El Coll - Vallcarca i els Penitents","#","C","Sargelet","2","2","30","la Salut","06","Gràcia","08024","019","BARCELONA","41.409005","2.150886","429031.174","4584510.011","429123.093","4584710.968","932562873","Fax","","01/01","31/12","0000011","09:00:00","14:00:00","","Centres de serveis socials","Serveis d'atenció a la població en general","Serveis Socials",
"95026120845","Centre de Serveis Socials La Salut - El Coll - Vallcarca i els Penitents","#","C","Sargelet","2","2","30","la Salut","06","Gràcia","08024","019","BARCELONA","41.409005","2.150886","429031.174","4584510.011","429123.093","4584710.968","932562873","Fax","","01/01","31/12","0000011","09:00:00","14:00:00","","Centres de serveis socials","Serveis socials","Serveis socials",
"95026131423","Centre de Serveis Socials Maternitat-Sant Ramon","#","Trav","Corts","122","122","20","la Maternitat i Sant Ramon","04","Les Corts","08028","019","BARCELONA","41.379963","2.126022","426920.494","4581306.367","427012.394","4581507.294","900922357","Centraleta","(dilluns a dijous: 9 a 14 h i de 16 a 19 h i divendres de 9 a 14 h)","01/01","31/12","1111111","15:00:00","18:00:00","","Centres de serveis socials","Serveis d'atenció a la població en general","Serveis Socials",
"95026131423","Centre de Serveis Socials Maternitat-Sant Ramon","#","Trav","Corts","122","122","20","la Maternitat i Sant Ramon","04","Les Corts","08028","019","BARCELONA","41.379963","2.126022","426920.494","4581306.367","427012.394","4581507.294","932564803","Fax","","01/01","31/12","1111111","15:00:00","18:00:00","","Centres de serveis socials","Serveis d'atenció a la població en general","Serveis Socials",
"95026131423","Centre de Serveis Socials Maternitat-Sant Ramon","#","Trav","Corts","122","122","20","la Maternitat i Sant Ramon","04","Les Corts","08028","019","BARCELONA","41.379963","2.126022","426920.494","4581306.367","427012.394","4581507.294","900922357","Centraleta","(dilluns a dijous: 9 a 14 h i de 16 a 19 h i divendres de 9 a 14 h)","01/01","31/12","1111111","15:00:00","18:00:00","","Centres de serveis socials","Serveis socials","Serveis socials",
"95026131423","Centre de Serveis Socials Maternitat-Sant Ramon","#","Trav","Corts","122","122","20","la Maternitat i Sant Ramon","04","Les Corts","08028","019","BARCELONA","41.379963","2.126022","426920.494","4581306.367","427012.394","4581507.294","932564803","Fax","","01/01","31/12","1111111","15:00:00","18:00:00","","Centres de serveis socials","Serveis socials","Serveis socials",
"96030100245","Centre de Serveis Socials Ciutat Meridiana-Torre Baró-Vallbona","#","Av","Rasos de Peguera","25","25","55","Ciutat Meridiana","08","Nou Barris","08033","019","BARCELONA","41.461087","2.178219","431370.522","4590270.005","431462.461","4590471.016","900922357","Centraleta","(dilluns a dijous: 9 a 14 h i de 16 a 19 h i divendres de 9 a 14 h)","01/01","31/12","0000011","09:00:00","14:00:00","","Centres de serveis socials","Serveis d'atenció a la població en general","Serveis Socials",
"96030100245","Centre de Serveis Socials Ciutat Meridiana-Torre Baró-Vallbona","#","Av","Rasos de Peguera","25","25","55","Ciutat Meridiana","08","Nou Barris","08033","019","BARCELONA","41.461087","2.178219","431370.522","4590270.005","431462.461","4590471.016","932562908","Fax","","01/01","31/12","0000011","09:00:00","14:00:00","","Centres de serveis socials","Serveis socials","Serveis socials",
"96030100245","Centre de Serveis Socials Ciutat Meridiana-Torre Baró-Vallbona","#","Av","Rasos de Peguera","25","25","55","Ciutat Meridiana","08","Nou Barris","08033","019","BARCELONA","41.461087","2.178219","431370.522","4590270.005","431462.461","4590471.016","932562908","Fax","","01/01","31/12","0000011","09:00:00","14:00:00","","Centres de serveis socials","Serveis d'atenció a la població en general","Serveis Socials",
"96030100245","Centre de Serveis Socials Ciutat Meridiana-Torre Baró-Vallbona","#","Av","Rasos de Peguera","25","25","55","Ciutat Meridiana","08","Nou Barris","08033","019","BARCELONA","41.461087","2.178219","431370.522","4590270.005","431462.461","4590471.016","900922357","Centraleta","(dilluns a dijous: 9 a 14 h i de 16 a 19 h i divendres de 9 a 14 h)","01/01","31/12","0000011","09:00:00","14:00:00","","Centres de serveis socials","Serveis socials","Serveis socials",
"96030100926","Centre de Serveis Socials Porta-Vilapicina i Torre Llobeta","#","C","Selva","57","57","45","Porta","08","Nou Barris","08016","019","BARCELONA","41.435875","2.175581","431123.612","4587473.092","431215.549","4587674.077","900922357","Centraleta","(dilluns a dijous: 9 a 14 h i de 16 a 19 h i divendres de 9 a 14 h)","01/01","31/12","0000011","09:00:00","14:00:00","","Centres de serveis socials","Serveis d'atenció a la població en general","Serveis Socials",
"96030100926","Centre de Serveis Socials Porta-Vilapicina i Torre Llobeta","#","C","Selva","57","57","45","Porta","08","Nou Barris","08016","019","BARCELONA","41.435875","2.175581","431123.612","4587473.092","431215.549","4587674.077","932565162","Fax","","01/01","31/12","0000011","09:00:00","14:00:00","","Centres de serveis socials","Serveis d'atenció a la població en general","Serveis Socials",
"96030100926","Centre de Serveis Socials Porta-Vilapicina i Torre Llobeta","#","C","Selva","57","57","45","Porta","08","Nou Barris","08016","019","BARCELONA","41.435875","2.175581","431123.612","4587473.092","431215.549","4587674.077","932565162","Fax","","01/01","31/12","0000011","09:00:00","14:00:00","","Centres de serveis socials","Serveis socials","Serveis socials",
"96030100926","Centre de Serveis Socials Porta-Vilapicina i Torre Llobeta","#","C","Selva","57","57","45","Porta","08","Nou Barris","08016","019","BARCELONA","41.435875","2.175581","431123.612","4587473.092","431215.549","4587674.077","900922357","Centraleta","(dilluns a dijous: 9 a 14 h i de 16 a 19 h i divendres de 9 a 14 h)","01/01","31/12","0000011","09:00:00","14:00:00","","Centres de serveis socials","Serveis socials","Serveis socials",
"98275082422","Centre de Serveis Socials Nova Esquerra de l'Eixample","#","C","Comte Borrell","305","305","09","la Nova Esquerra de l'Eixample","02","Eixample","08029","019","BARCELONA","41.389505","2.146406","428635.356","4582348.786","428727.272","4582549.723","900922357","Centraleta","(dilluns a dijous: 9 a 14 h i de 16 a 19 h i divendres de 9 a 14 h)","01/01","31/12","0000011","09:00:00","14:00:00","","Centres de serveis socials","Serveis d'atenció a la població en general","Serveis Socials",
"98275082422","Centre de Serveis Socials Nova Esquerra de l'Eixample","#","C","Comte Borrell","305","305","09","la Nova Esquerra de l'Eixample","02","Eixample","08029","019","BARCELONA","41.389505","2.146406","428635.356","4582348.786","428727.272","4582549.723","900922357","Centraleta","(dilluns a dijous: 9 a 14 h i de 16 a 19 h i divendres de 9 a 14 h)","01/01","31/12","0000011","09:00:00","14:00:00","","Centres de serveis socials","Serveis socials","Serveis socials",
"98275082422","Centre de Serveis Socials Nova Esquerra de l'Eixample","#","C","Comte Borrell","305","305","09","la Nova Esquerra de l'Eixample","02","Eixample","08029","019","BARCELONA","41.389505","2.146406","428635.356","4582348.786","428727.272","4582549.723","933264041","Fax","","01/01","31/12","0000011","09:00:00","14:00:00","","Centres de serveis socials","Serveis d'atenció a la població en general","Serveis Socials",
"98275082422","Centre de Serveis Socials Nova Esquerra de l'Eixample","#","C","Comte Borrell","305","305","09","la Nova Esquerra de l'Eixample","02","Eixample","08029","019","BARCELONA","41.389505","2.146406","428635.356","4582348.786","428727.272","4582549.723","933264041","Fax","","01/01","31/12","0000011","09:00:00","14:00:00","","Centres de serveis socials","Serveis socials","Serveis socials",
"99400183694","Centre de Serveis Socials Antiga Esquerra de l'Eixample","#","C","Mallorca","219","219","08","l'Antiga Esquerra de l'Eixample","02","Eixample","08008","019","BARCELONA","41.39122","2.158899","429681.719","4582529.003","429773.644","4582729.942","932563781","Fax","","01/01","31/12","0000011","09:00:00","14:00:00","","Centres de serveis socials","Serveis socials","Serveis socials",
"99400183694","Centre de Serveis Socials Antiga Esquerra de l'Eixample","#","C","Mallorca","219","219","08","l'Antiga Esquerra de l'Eixample","02","Eixample","08008","019","BARCELONA","41.39122","2.158899","429681.719","4582529.003","429773.644","4582729.942","900922357","Centraleta","(dilluns a dijous: 9 a 14 h i de 16 a 19 h i divendres de 9 a 14 h)","01/01","31/12","0000011","09:00:00","14:00:00","","Centres de serveis socials","Serveis socials","Serveis socials",
"99400183694","Centre de Serveis Socials Antiga Esquerra de l'Eixample","#","C","Mallorca","219","219","08","l'Antiga Esquerra de l'Eixample","02","Eixample","08008","019","BARCELONA","41.39122","2.158899","429681.719","4582529.003","429773.644","4582729.942","900922357","Centraleta","(dilluns a dijous: 9 a 14 h i de 16 a 19 h i divendres de 9 a 14 h)","01/01","31/12","0000011","09:00:00","14:00:00","","Centres de serveis socials","Serveis d'atenció a la població en general","Serveis Socials",
"99400183694","Centre de Serveis Socials Antiga Esquerra de l'Eixample","#","C","Mallorca","219","219","08","l'Antiga Esquerra de l'Eixample","02","Eixample","08008","019","BARCELONA","41.39122","2.158899","429681.719","4582529.003","429773.644","4582729.942","932563781","Fax","","01/01","31/12","0000011","09:00:00","14:00:00","","Centres de serveis socials","Serveis d'atenció a la població en general","Serveis Socials",
"99400241795","Centre de Serveis Socials El Parc-Vila Olímpica","#","C","Buenaventura Muñoz","21","21","66","el Parc i la Llacuna del Poblenou","10","Sant Martí","08018","019","BARCELONA","41.391744","2.184773","431845.456","4582566.474","431937.401","4582767.414","932565132","Fax","","","","","","","","Centres de serveis socials","Serveis socials","Serveis socials",
"99400241795","Centre de Serveis Socials El Parc-Vila Olímpica","#","C","Buenaventura Muñoz","21","21","66","el Parc i la Llacuna del Poblenou","10","Sant Martí","08018","019","BARCELONA","41.391744","2.184773","431845.456","4582566.474","431937.401","4582767.414","900922357","Centraleta","(dilluns a dijous: 9 a 14 h i de 16 a 19 h i divendres de 9 a 14 h)","","","","","","","Centres de serveis socials","Serveis d'atenció a la població en general","Serveis Socials",
"99400241795","Centre de Serveis Socials El Parc-Vila Olímpica","#","C","Buenaventura Muñoz","21","21","66","el Parc i la Llacuna del Poblenou","10","Sant Martí","08018","019","BARCELONA","41.391744","2.184773","431845.456","4582566.474","431937.401","4582767.414","932565132","Fax","","","","","","","","Centres de serveis socials","Serveis d'atenció a la població en general","Serveis Socials",
"99400241795","Centre de Serveis Socials El Parc-Vila Olímpica","#","C","Buenaventura Muñoz","21","21","66","el Parc i la Llacuna del Poblenou","10","Sant Martí","08018","019","BARCELONA","41.391744","2.184773","431845.456","4582566.474","431937.401","4582767.414","900922357","Centraleta","(dilluns a dijous: 9 a 14 h i de 16 a 19 h i divendres de 9 a 14 h)","","","","","","","Centres de serveis socials","Serveis socials","Serveis socials",
"99400242904","Centre de Serveis Socials Turó de la Peira-Can Peguera","#","C","Selva","61","61","45","Porta","08","Nou Barris","08016","019","BARCELONA","41.435703","2.175466","431113.795","4587454.058","431205.732","4587655.043","932564974","Fax","","01/01","31/12","0000011","09:00:00","14:00:00","","Centres de serveis socials","Serveis d'atenció a la població en general","Serveis Socials",
"99400242904","Centre de Serveis Socials Turó de la Peira-Can Peguera","#","C","Selva","61","61","45","Porta","08","Nou Barris","08016","019","BARCELONA","41.435703","2.175466","431113.795","4587454.058","431205.732","4587655.043","932564974","Fax","","01/01","31/12","0000011","09:00:00","14:00:00","","Centres de serveis socials","Serveis socials","Serveis socials",
"99400242904","Centre de Serveis Socials Turó de la Peira-Can Peguera","#","C","Selva","61","61","45","Porta","08","Nou Barris","08016","019","BARCELONA","41.435703","2.175466","431113.795","4587454.058","431205.732","4587655.043","900922357","Centraleta","(dilluns a dijous: 9 a 14 h i de 16 a 19 h i divendres de 9 a 14 h)","01/01","31/12","0000011","09:00:00","14:00:00","","Centres de serveis socials","Serveis d'atenció a la població en general","Serveis Socials",
"99400242904","Centre de Serveis Socials Turó de la Peira-Can Peguera","#","C","Selva","61","61","45","Porta","08","Nou Barris","08016","019","BARCELONA","41.435703","2.175466","431113.795","4587454.058","431205.732","4587655.043","900922357","Centraleta","(dilluns a dijous: 9 a 14 h i de 16 a 19 h i divendres de 9 a 14 h)","01/01","31/12","0000011","09:00:00","14:00:00","","Centres de serveis socials","Serveis socials","Serveis socials",
"99400256774","Centre de Serveis Socials Dreta de l'Eixample","#","Pl","Tetuan","2","2","07","la Dreta de Eixample","02","Eixample","08010","019","BARCELONA","41.394068","2.176256","431135.815","4582831.234","431227.754","4583032.176","900922357","Centraleta","(dilluns a dijous: 9 a 14 h i de 16 a 19 h i divendres de 9 a 14 h)","01/01","31/12","0000011","09:00:00","14:00:00","","Centres de serveis socials","Serveis socials","Serveis socials",
"99400256774","Centre de Serveis Socials Dreta de l'Eixample","#","Pl","Tetuan","2","2","07","la Dreta de Eixample","02","Eixample","08010","019","BARCELONA","41.394068","2.176256","431135.815","4582831.234","431227.754","4583032.176","932565676","Fax","","01/01","31/12","0000011","09:00:00","14:00:00","","Centres de serveis socials","Serveis socials","Serveis socials",
"99400256774","Centre de Serveis Socials Dreta de l'Eixample","#","Pl","Tetuan","2","2","07","la Dreta de Eixample","02","Eixample","08010","019","BARCELONA","41.394068","2.176256","431135.815","4582831.234","431227.754","4583032.176","900922357","Centraleta","(dilluns a dijous: 9 a 14 h i de 16 a 19 h i divendres de 9 a 14 h)","01/01","31/12","0000011","09:00:00","14:00:00","","Centres de serveis socials","Serveis d'atenció a la població en general","Serveis Socials",
"99400256774","Centre de Serveis Socials Dreta de l'Eixample","#","Pl","Tetuan","2","2","07","la Dreta de Eixample","02","Eixample","08010","019","BARCELONA","41.394068","2.176256","431135.815","4582831.234","431227.754","4583032.176","932565676","Fax","","01/01","31/12","0000011","09:00:00","14:00:00","","Centres de serveis socials","Serveis d'atenció a la població en general","Serveis Socials",
"99400262773","Centre de Serveis Socials Baix Guinardó-Can Baró","#","C","Lepant","387","387","33","el Baix Guinardó","07","Horta-Guinardó","08025","019","BARCELONA","41.409991","2.169217","430564.321","4584604.526","430656.254","4584805.484","934463013","Fax","","01/01","31/12","0000011","09:00:00","14:00:00","","Centres de serveis socials","Serveis socials","Serveis socials",
"99400262773","Centre de Serveis Socials Baix Guinardó-Can Baró","#","C","Lepant","387","387","33","el Baix Guinardó","07","Horta-Guinardó","08025","019","BARCELONA","41.409991","2.169217","430564.321","4584604.526","430656.254","4584805.484","900922357","Centraleta","(dilluns a dijous: 9 a 14 h i de 16 a 19 h i divendres de 9 a 14 h)","01/01","31/12","0000011","09:00:00","14:00:00","","Centres de serveis socials","Serveis d'atenció a la població en general","Serveis Socials",
"99400262773","Centre de Serveis Socials Baix Guinardó-Can Baró","#","C","Lepant","387","387","33","el Baix Guinardó","07","Horta-Guinardó","08025","019","BARCELONA","41.409991","2.169217","430564.321","4584604.526","430656.254","4584805.484","934463013","Fax","","01/01","31/12","0000011","09:00:00","14:00:00","","Centres de serveis socials","Serveis d'atenció a la població en general","Serveis Socials",
"99400262773","Centre de Serveis Socials Baix Guinardó-Can Baró","#","C","Lepant","387","387","33","el Baix Guinardó","07","Horta-Guinardó","08025","019","BARCELONA","41.409991","2.169217","430564.321","4584604.526","430656.254","4584805.484","900922357","Centraleta","(dilluns a dijous: 9 a 14 h i de 16 a 19 h i divendres de 9 a 14 h)","01/01","31/12","0000011","09:00:00","14:00:00","","Centres de serveis socials","Serveis socials","Serveis socials",
"99400263920","Centre de Serveis Socials Numància","#","C","Numància","7","13","18","Sants","03","Sants-Montjuïc","08029","019","BARCELONA","41.381288","2.141224","428193.118","4581440.826","428285.03","4581641.754","900922357","Centraleta","(dilluns a dijous: 9 a 14 h i de 16 a 19 h i divendres de 9 a 14 h)","01/01","31/12","0000011","09:00:00","14:00:00","","Centres de serveis socials","Serveis socials","Serveis socials",
"99400263920","Centre de Serveis Socials Numància","#","C","Numància","7","13","18","Sants","03","Sants-Montjuïc","08029","019","BARCELONA","41.381288","2.141224","428193.118","4581440.826","428285.03","4581641.754","934110007","Fax","","01/01","31/12","0000011","09:00:00","14:00:00","","Centres de serveis socials","Serveis socials","Serveis socials",
"99400263920","Centre de Serveis Socials Numància","#","C","Numància","7","13","18","Sants","03","Sants-Montjuïc","08029","019","BARCELONA","41.381288","2.141224","428193.118","4581440.826","428285.03","4581641.754","900922357","Centraleta","(dilluns a dijous: 9 a 14 h i de 16 a 19 h i divendres de 9 a 14 h)","01/01","31/12","0000011","09:00:00","14:00:00","","Centres de serveis socials","Serveis d'atenció a la població en general","Serveis Socials",
"99400263920","Centre de Serveis Socials Numància","#","C","Numància","7","13","18","Sants","03","Sants-Montjuïc","08029","019","BARCELONA","41.381288","2.141224","428193.118","4581440.826","428285.03","4581641.754","934110007","Fax","","01/01","31/12","0000011","09:00:00","14:00:00","","Centres de serveis socials","Serveis d'atenció a la població en general","Serveis Socials",
"99400273469","Centre de Serveis Socials Camp d'en Grassot - Gràcia Nova","#","C","Ca l'Alegre de Dalt","5","5","32","el Camp d'en Grassot i Gràcia Nova","06","Gràcia","08024","019","BARCELONA","41.407093","2.163015","430042.82","4584287.805","430134.748","4584488.76","900922357","Centraleta","(dilluns a dijous: 9 a 14 h i de 16 a 19 h i divendres de 9 a 14 h)","01/01","31/12","0000011","09:00:00","14:00:00","","Centres de serveis socials","Serveis d'atenció a la població en general","Serveis Socials",
"99400273469","Centre de Serveis Socials Camp d'en Grassot - Gràcia Nova","#","C","Ca l'Alegre de Dalt","5","5","32","el Camp d'en Grassot i Gràcia Nova","06","Gràcia","08024","019","BARCELONA","41.407093","2.163015","430042.82","4584287.805","430134.748","4584488.76","900922357","Centraleta","(dilluns a dijous: 9 a 14 h i de 16 a 19 h i divendres de 9 a 14 h)","01/01","31/12","0000011","09:00:00","14:00:00","","Centres de serveis socials","Serveis socials","Serveis socials",
"99400273469","Centre de Serveis Socials Camp d'en Grassot - Gràcia Nova","#","C","Ca l'Alegre de Dalt","5","5","32","el Camp d'en Grassot i Gràcia Nova","06","Gràcia","08024","019","BARCELONA","41.407093","2.163015","430042.82","4584287.805","430134.748","4584488.76","932914326","Fax","","01/01","31/12","0000011","09:00:00","14:00:00","","Centres de serveis socials","Serveis d'atenció a la població en general","Serveis Socials",
"99400273469","Centre de Serveis Socials Camp d'en Grassot - Gràcia Nova","#","C","Ca l'Alegre de Dalt","5","5","32","el Camp d'en Grassot i Gràcia Nova","06","Gràcia","08024","019","BARCELONA","41.407093","2.163015","430042.82","4584287.805","430134.748","4584488.76","932914326","Fax","","01/01","31/12","0000011","09:00:00","14:00:00","","Centres de serveis socials","Serveis socials","Serveis socials",
"99400605034","Horari Telèfon Centraleta Serveis Socials (hivern)","#","null","null","","0","","","","","","019","BARCELONA","","","","","","","936 197 311","Centraleta","(dl-dj :9-14 h i de 16-19 h/ dv de 9-14 h)","","","","","","","Centres de serveis socials","Serveis d'atenció a la població en general","Serveis Socials",
"99400605034","Horari Telèfon Centraleta Serveis Socials (hivern)","#","null","null","","0","","","","","","019","BARCELONA","","","","","","","936 197 311","Centraleta","(dl-dj :9-14 h i de 16-19 h/ dv de 9-14 h)","","","","","","","Centres de serveis socials","Serveis socials","Serveis socials",
"99400655128","Centre de Serveis Socials Poblenou","#","Pl","Josep M. Huertas Claveria","1","1","68","el Poblenou","10","Sant Martí","08005","019","BARCELONA","41.403684","2.200506","433173.005","4583879.791","433264.962","4584080.743","900922357","Centraleta","(dilluns a dijous: 9 a 14 h i de 16 a 19 h i divendres de 9 a 14 h)","01/01","31/12","0000011","09:00:00","14:00:00","","Centres de serveis socials","Serveis socials","Serveis socials",
"99400655128","Centre de Serveis Socials Poblenou","#","Pl","Josep M. Huertas Claveria","1","1","68","el Poblenou","10","Sant Martí","08005","019","BARCELONA","41.403684","2.200506","433173.005","4583879.791","433264.962","4584080.743","900922357","Centraleta","(dilluns a dijous: 9 a 14 h i de 16 a 19 h i divendres de 9 a 14 h)","01/01","31/12","0000011","09:00:00","14:00:00","","Centres de serveis socials","Serveis d'atenció a la població en general","Serveis Socials",
"99400655128","Centre de Serveis Socials Poblenou","#","Pl","Josep M. Huertas Claveria","1","1","68","el Poblenou","10","Sant Martí","08005","019","BARCELONA","41.403684","2.200506","433173.005","4583879.791","433264.962","4584080.743","932565881","Fax","","01/01","31/12","0000011","09:00:00","14:00:00","","Centres de serveis socials","Serveis d'atenció a la població en general","Serveis Socials",
"99400655128","Centre de Serveis Socials Poblenou","#","Pl","Josep M. Huertas Claveria","1","1","68","el Poblenou","10","Sant Martí","08005","019","BARCELONA","41.403684","2.200506","433173.005","4583879.791","433264.962","4584080.743","932565881","Fax","","01/01","31/12","0000011","09:00:00","14:00:00","","Centres de serveis socials","Serveis socials","Serveis socials",
"99400657815","Centre Serveis Socials (horari genèric)","#","null","null","","0","","","","","","019","BARCELONA","","","","","","","","","","01/10","23/12","0001011","09:00:00","13:30:00","","Centres de serveis socials","Serveis socials","Serveis socials",
"99400657815","Centre Serveis Socials (horari genèric)","#","null","null","","0","","","","","","019","BARCELONA","","","","","","","","","","01/10","23/12","1111111","15:00:00","19:30:00","","Centres de serveis socials","Serveis socials","Serveis socials",
"99400657815","Centre Serveis Socials (horari genèric)","#","null","null","","0","","","","","","019","BARCELONA","","","","","","","","","","24/12","05/01","","09:00:00","13:30:00","","Centres de serveis socials","Serveis socials","Serveis socials",
"99400657815","Centre Serveis Socials (horari genèric)","#","null","null","","0","","","","","","019","BARCELONA","","","","","","","","","","24/12","05/01","0000011","09:00:00","13:30:00","","Centres de serveis socials","Serveis socials","Serveis socials",
"99400657815","Centre Serveis Socials (horari genèric)","#","null","null","","0","","","","","","019","BARCELONA","","","","","","","","","","24/12","05/01","","09:00:00","13:30:00","","Centres de serveis socials","Serveis socials","Serveis socials",
"99400657815","Centre Serveis Socials (horari genèric)","#","null","null","","0","","","","","","019","BARCELONA","","","","","","","","","","24/12","05/01","","09:00:00","13:30:00","","Centres de serveis socials","Serveis socials","Serveis socials",
"99400657815","Centre Serveis Socials (horari genèric)","#","null","null","","0","","","","","","019","BARCELONA","","","","","","","","","","24/12","05/01","0000011","09:00:00","13:30:00","","Centres de serveis socials","Serveis socials","Serveis socials",
"99400657815","Centre Serveis Socials (horari genèric)","#","null","null","","0","","","","","","019","BARCELONA","","","","","","","","","","24/12","05/01","","09:00:00","13:30:00","","Centres de serveis socials","Serveis socials","Serveis socials",
"99400657815","Centre Serveis Socials (horari genèric)","#","null","null","","0","","","","","","019","BARCELONA","","","","","","","","","","06/01","30/04","0001011","09:00:00","13:30:00","","Centres de serveis socials","Serveis socials","Serveis socials",
"99400657815","Centre Serveis Socials (horari genèric)","#","null","null","","0","","","","","","019","BARCELONA","","","","","","","","","","06/01","30/04","1111111","15:00:00","19:30:00","","Centres de serveis socials","Serveis socials","Serveis socials",
"99400657815","Centre Serveis Socials (horari genèric)","#","null","null","","0","","","","","","019","BARCELONA","","","","","","","","","","01/05","30/06","0001011","09:00:00","13:30:00","","Centres de serveis socials","Serveis socials","Serveis socials",
"99400657815","Centre Serveis Socials (horari genèric)","#","null","null","","0","","","","","","019","BARCELONA","","","","","","","","","","01/05","30/06","1110111","15:00:00","18:00:00","","Centres de serveis socials","Serveis socials","Serveis socials",
"99400657815","Centre Serveis Socials (horari genèric)","#","null","null","","0","","","","","","019","BARCELONA","","","","","","","","","","01/07","02/08","0000011","09:00:00","13:30:00","","Centres de serveis socials","Serveis socials","Serveis socials",
"99400657815","Centre Serveis Socials (horari genèric)","#","null","null","","0","","","","","","019","BARCELONA","","","","","","","","","","01/09","30/09","0001011","09:00:00","13:30:00","","Centres de serveis socials","Serveis socials","Serveis socials",
"99400657815","Centre Serveis Socials (horari genèric)","#","null","null","","0","","","","","","019","BARCELONA","","","","","","","","","","01/09","30/09","1111111","15:00:00","18:00:00","","Centres de serveis socials","Serveis socials","Serveis socials",
"99400657815","Centre Serveis Socials (horari genèric)","#","null","null","","0","","","","","","019","BARCELONA","","","","","","","","","","01/10","23/12","0001011","09:00:00","13:30:00","","Centres de serveis socials","Serveis d'atenció a la població en general","Serveis Socials",
"99400657815","Centre Serveis Socials (horari genèric)","#","null","null","","0","","","","","","019","BARCELONA","","","","","","","","","","01/10","23/12","1111111","15:00:00","19:30:00","","Centres de serveis socials","Serveis d'atenció a la població en general","Serveis Socials",
"99400657815","Centre Serveis Socials (horari genèric)","#","null","null","","0","","","","","","019","BARCELONA","","","","","","","","","","24/12","05/01","","09:00:00","13:30:00","","Centres de serveis socials","Serveis d'atenció a la població en general","Serveis Socials",
"99400657815","Centre Serveis Socials (horari genèric)","#","null","null","","0","","","","","","019","BARCELONA","","","","","","","","","","24/12","05/01","0000011","09:00:00","13:30:00","","Centres de serveis socials","Serveis d'atenció a la població en general","Serveis Socials",
"99400657815","Centre Serveis Socials (horari genèric)","#","null","null","","0","","","","","","019","BARCELONA","","","","","","","","","","24/12","05/01","","09:00:00","13:30:00","","Centres de serveis socials","Serveis d'atenció a la població en general","Serveis Socials",
"99400657815","Centre Serveis Socials (horari genèric)","#","null","null","","0","","","","","","019","BARCELONA","","","","","","","","","","24/12","05/01","","09:00:00","13:30:00","","Centres de serveis socials","Serveis d'atenció a la població en general","Serveis Socials",
"99400657815","Centre Serveis Socials (horari genèric)","#","null","null","","0","","","","","","019","BARCELONA","","","","","","","","","","24/12","05/01","0000011","09:00:00","13:30:00","","Centres de serveis socials","Serveis d'atenció a la població en general","Serveis Socials",
"99400657815","Centre Serveis Socials (horari genèric)","#","null","null","","0","","","","","","019","BARCELONA","","","","","","","","","","24/12","05/01","","09:00:00","13:30:00","","Centres de serveis socials","Serveis d'atenció a la població en general","Serveis Socials",
"99400657815","Centre Serveis Socials (horari genèric)","#","null","null","","0","","","","","","019","BARCELONA","","","","","","","","","","06/01","30/04","0001011","09:00:00","13:30:00","","Centres de serveis socials","Serveis d'atenció a la població en general","Serveis Socials",
"99400657815","Centre Serveis Socials (horari genèric)","#","null","null","","0","","","","","","019","BARCELONA","","","","","","","","","","06/01","30/04","1111111","15:00:00","19:30:00","","Centres de serveis socials","Serveis d'atenció a la població en general","Serveis Socials",
"99400657815","Centre Serveis Socials (horari genèric)","#","null","null","","0","","","","","","019","BARCELONA","","","","","","","","","","01/05","30/06","0001011","09:00:00","13:30:00","","Centres de serveis socials","Serveis d'atenció a la població en general","Serveis Socials",
"99400657815","Centre Serveis Socials (horari genèric)","#","null","null","","0","","","","","","019","BARCELONA","","","","","","","","","","01/05","30/06","1110111","15:00:00","18:00:00","","Centres de serveis socials","Serveis d'atenció a la població en general","Serveis Socials",
"99400657815","Centre Serveis Socials (horari genèric)","#","null","null","","0","","","","","","019","BARCELONA","","","","","","","","","","01/07","02/08","0000011","09:00:00","13:30:00","","Centres de serveis socials","Serveis d'atenció a la població en general","Serveis Socials",
"99400657815","Centre Serveis Socials (horari genèric)","#","null","null","","0","","","","","","019","BARCELONA","","","","","","","","","","01/09","30/09","0001011","09:00:00","13:30:00","","Centres de serveis socials","Serveis d'atenció a la població en general","Serveis Socials",
"99400657815","Centre Serveis Socials (horari genèric)","#","null","null","","0","","","","","","019","BARCELONA","","","","","","","","","","01/09","30/09","1111111","15:00:00","18:00:00","","Centres de serveis socials","Serveis d'atenció a la població en general","Serveis Socials",
